id,What is your gender?,What is your age?,What was the most important consideration for you in choosing this product?,Another question 1,Another question 2,Yet another question,Another quality,Another quality 2,Yet another quality
1,Bigender,39,,,,,,,
2,Agender,51,Brand,neutral,somewhat disagree,neutral,Price,Design,Positive Reviews
3,Genderfluid,59,Brand,somewhat likely,neutral,somewhat interested,Price,Design,Positive Reviews
4,Genderqueer,41,Brand,neutral,somewhat agree,somewhat interested,Price,Design,Positive Reviews
5,Bigender,25,Brand,very unlikely,somewhat agree,neutral,Price,Design,Positive Reviews
6,Non-binary,21,Brand,somewhat unlikely,neutral,neutral,Price,Design,Positive Reviews
7,Genderfluid,58,,,,,,,
8,Bigender,17,Brand,very likely,neutral,somewhat interested,Price,Design,Positive Reviews
9,Male,45,,,,,,,
10,Polygender,39,Brand,very likely,somewhat agree,somewhat interested,Price,Design,Positive Reviews
11,Female,70,,,,,,,
12,Male,62,,,,,,,
13,Bigender,41,Brand,somewhat likely,strongly agree,neutral,Price,Design,Positive Reviews
14,Genderfluid,67,Brand,neutral,neutral,not interested,Price,Design,Positive Reviews
15,Polygender,17,Brand,very likely,neutral,neutral,Price,Design,Positive Reviews
16,Polygender,52,Brand,somewhat unlikely,strongly disagree,not interested,Price,Design,Positive Reviews
17,Non-binary,46,Brand,somewhat unlikely,strongly agree,somewhat interested,Price,Design,Positive Reviews
18,Bigender,19,Brand,somewhat likely,strongly disagree,not interested,Price,Design,Positive Reviews
19,Genderqueer,33,,,,,,,
20,Non-binary,47,Brand,somewhat likely,strongly disagree,neutral,Price,Design,Positive Reviews
21,Bigender,24,,,,,,,
22,Genderfluid,35,,,,,,,
23,Non-binary,77,Brand,somewhat unlikely,strongly agree,not interested,Price,Design,Positive Reviews
24,Genderqueer,41,Brand,neutral,strongly disagree,very interested,Price,Design,Positive Reviews
25,Genderqueer,37,Brand,somewhat likely,neutral,somewhat interested,Price,Design,Positive Reviews
26,Genderfluid,25,,,,,,,
27,Bigender,51,,,,,,,
28,Female,72,,,,,,,
29,Bigender,30,Brand,very likely,neutral,not interested,Price,Design,Positive Reviews
30,Genderfluid,26,Brand,very unlikely,somewhat disagree,very interested,Price,Design,Positive Reviews
31,Genderfluid,39,Brand,somewhat likely,strongly agree,very interested,Price,Design,Positive Reviews
32,Agender,37,Brand,somewhat likely,strongly disagree,somewhat interested,Price,Design,Positive Reviews
33,Non-binary,71,,,,,,,
34,Genderqueer,74,,,,,,,
35,Female,53,,,,,,,
36,Bigender,33,,,,,,,
37,Agender,16,,,,,,,
38,Genderfluid,52,Brand,somewhat unlikely,strongly agree,neutral,Price,Design,Positive Reviews
39,Non-binary,48,,,,,,,
40,Genderqueer,21,,,,,,,
41,Male,62,Brand,neutral,strongly disagree,very interested,Price,Design,Positive Reviews
42,Genderqueer,59,Brand,somewhat likely,somewhat agree,not interested,Price,Design,Positive Reviews
43,Genderqueer,69,Brand,somewhat likely,strongly agree,neutral,Price,Design,Positive Reviews
44,Genderqueer,80,,,,,,,
45,Male,19,Brand,very likely,strongly disagree,somewhat interested,Price,Design,Positive Reviews
46,Non-binary,72,Brand,neutral,somewhat disagree,neutral,Price,Design,Positive Reviews
47,Polygender,35,Brand,neutral,strongly agree,neutral,Price,Design,Positive Reviews
48,Bigender,60,,,,,,,
49,Non-binary,48,Brand,neutral,somewhat disagree,not interested,Price,Design,Positive Reviews
50,Genderqueer,62,Brand,somewhat unlikely,somewhat agree,not interested,Price,Design,Positive Reviews
51,Male,33,,,,,,,
52,Polygender,65,Brand,somewhat unlikely,somewhat agree,very interested,Price,Design,Positive Reviews
53,Bigender,71,Brand,very unlikely,somewhat agree,somewhat interested,Price,Design,Positive Reviews
54,Genderqueer,22,,,,,,,
55,Male,28,Brand,neutral,strongly disagree,somewhat interested,Price,Design,Positive Reviews
56,Agender,68,Brand,very likely,somewhat disagree,not interested,Price,Design,Positive Reviews
57,Male,74,Brand,neutral,strongly agree,somewhat interested,Price,Design,Positive Reviews
58,Agender,57,,,,,,,
59,Agender,62,,,,,,,
60,Genderfluid,79,Brand,very likely,somewhat disagree,not interested,Price,Design,Positive Reviews
61,Genderfluid,64,,,,,,,
62,Genderfluid,80,,,,,,,
63,Bigender,47,Brand,neutral,neutral,very interested,Price,Design,Positive Reviews
64,Bigender,18,,,,,,,
65,Female,51,,,,,,,
66,Polygender,20,,,,,,,
67,Genderqueer,59,,,,,,,
68,Male,48,Brand,very likely,strongly disagree,very interested,Price,Design,Positive Reviews
69,Non-binary,52,Brand,somewhat likely,strongly agree,neutral,Price,Design,Positive Reviews
70,Genderqueer,61,Brand,very unlikely,strongly agree,very interested,Price,Design,Positive Reviews
71,Non-binary,22,Brand,very likely,strongly agree,somewhat interested,Price,Design,Positive Reviews
72,Female,72,,,,,,,
73,Agender,17,Brand,very likely,somewhat agree,very interested,Price,Design,Positive Reviews
74,Genderqueer,74,Brand,somewhat unlikely,neutral,very interested,Price,Design,Positive Reviews
75,Female,48,Brand,very likely,neutral,not interested,Price,Design,Positive Reviews
76,Genderfluid,41,,,,,,,
77,Agender,57,,,,,,,
78,Polygender,77,Brand,neutral,strongly disagree,not interested,Price,Design,Positive Reviews
79,Female,72,Brand,very unlikely,strongly disagree,not interested,Price,Design,Positive Reviews
80,Genderfluid,30,Brand,neutral,strongly agree,neutral,Price,Design,Positive Reviews
81,Genderqueer,70,,,,,,,
82,Non-binary,77,Brand,somewhat unlikely,somewhat disagree,neutral,Price,Design,Positive Reviews
83,Non-binary,35,,,,,,,
84,Non-binary,79,,,,,,,
85,Male,39,Brand,neutral,strongly agree,neutral,Price,Design,Positive Reviews
86,Female,45,Brand,somewhat unlikely,neutral,somewhat interested,Price,Design,Positive Reviews
87,Non-binary,59,Brand,very likely,somewhat disagree,somewhat interested,Price,Design,Positive Reviews
88,Bigender,72,Brand,very unlikely,strongly disagree,very interested,Price,Design,Positive Reviews
89,Agender,37,Brand,neutral,strongly disagree,somewhat interested,Price,Design,Positive Reviews
90,Bigender,78,Brand,very unlikely,strongly disagree,very interested,Price,Design,Positive Reviews
91,Male,62,Brand,neutral,strongly agree,neutral,Price,Design,Positive Reviews
92,Female,66,,,,,,,
93,Bigender,73,,,,,,,
94,Genderqueer,59,,,,,,,
95,Genderqueer,18,Brand,very unlikely,neutral,very interested,Price,Design,Positive Reviews
96,Genderqueer,71,Brand,somewhat likely,somewhat agree,not interested,Price,Design,Positive Reviews
97,Polygender,51,Brand,neutral,strongly agree,not interested,Price,Design,Positive Reviews
98,Male,16,Brand,very likely,strongly agree,very interested,Price,Design,Positive Reviews
99,Male,32,Brand,somewhat unlikely,somewhat agree,somewhat interested,Price,Design,Positive Reviews
100,Genderfluid,55,,,,,,,
101,Polygender,70,Brand,somewhat unlikely,neutral,neutral,Price,Design,Positive Reviews
102,Male,68,Brand,very unlikely,neutral,somewhat interested,Price,Design,Positive Reviews
103,Genderfluid,38,Brand,very likely,somewhat disagree,somewhat interested,Price,Design,Positive Reviews
104,Male,77,Brand,somewhat likely,strongly agree,very interested,Price,Design,Positive Reviews
105,Genderfluid,75,,,,,,,
106,Male,57,Brand,neutral,somewhat disagree,very interested,Price,Design,Positive Reviews
107,Genderqueer,68,Brand,somewhat likely,somewhat disagree,somewhat interested,Price,Design,Positive Reviews
108,Male,31,Brand,very unlikely,strongly agree,neutral,Price,Design,Positive Reviews
109,Agender,38,,,,,,,
110,Genderqueer,21,Brand,very likely,strongly disagree,very interested,Price,Design,Positive Reviews
111,Male,24,Brand,somewhat likely,strongly agree,very interested,Price,Design,Positive Reviews
112,Female,67,Brand,somewhat likely,strongly disagree,somewhat interested,Price,Design,Positive Reviews
113,Female,32,,,,,,,
114,Female,17,Brand,very likely,neutral,very interested,Price,Design,Positive Reviews
115,Polygender,74,Brand,somewhat likely,somewhat agree,very interested,Price,Design,Positive Reviews
116,Non-binary,72,,,,,,,
117,Agender,68,Brand,somewhat likely,somewhat disagree,neutral,Price,Design,Positive Reviews
118,Agender,75,,,,,,,
119,Bigender,76,Brand,somewhat unlikely,somewhat disagree,neutral,Price,Design,Positive Reviews
120,Bigender,41,,,,,,,
121,Non-binary,66,,,,,,,
122,Agender,78,Brand,very likely,strongly agree,neutral,Price,Design,Positive Reviews
123,Genderfluid,42,Brand,somewhat likely,strongly disagree,not interested,Price,Design,Positive Reviews
124,Genderqueer,16,Brand,very likely,somewhat disagree,very interested,Price,Design,Positive Reviews
125,Genderqueer,66,,,,,,,
126,Agender,73,,,,,,,
127,Genderfluid,45,Brand,somewhat unlikely,strongly disagree,not interested,Price,Design,Positive Reviews
128,Female,27,Brand,very unlikely,strongly agree,neutral,Price,Design,Positive Reviews
129,Genderqueer,77,,,,,,,
130,Male,31,Brand,somewhat unlikely,strongly disagree,neutral,Price,Design,Positive Reviews
131,Genderfluid,76,Brand,somewhat unlikely,somewhat agree,not interested,Price,Design,Positive Reviews
132,Bigender,48,,,,,,,
133,Genderqueer,57,Brand,somewhat likely,somewhat agree,neutral,Price,Design,Positive Reviews
134,Bigender,65,,,,,,,
135,Non-binary,20,,,,,,,
136,Female,65,Brand,somewhat likely,strongly agree,not interested,Price,Design,Positive Reviews
137,Agender,50,,,,,,,
138,Non-binary,53,,,,,,,
139,Male,49,Brand,somewhat likely,somewhat agree,very interested,Price,Design,Positive Reviews
140,Bigender,68,Brand,neutral,neutral,very interested,Price,Design,Positive Reviews
141,Agender,28,,,,,,,
142,Male,43,,,,,,,
143,Genderfluid,17,Brand,very unlikely,somewhat agree,very interested,Price,Design,Positive Reviews
144,Polygender,43,Brand,somewhat unlikely,neutral,very interested,Price,Design,Positive Reviews
145,Female,75,,,,,,,
146,Polygender,72,,,,,,,
147,Genderfluid,21,Brand,somewhat likely,strongly agree,neutral,Price,Design,Positive Reviews
148,Non-binary,78,Brand,somewhat unlikely,strongly disagree,not interested,Price,Design,Positive Reviews
149,Non-binary,40,Brand,somewhat unlikely,somewhat agree,somewhat interested,Price,Design,Positive Reviews
150,Male,74,Brand,neutral,neutral,somewhat interested,Price,Design,Positive Reviews
151,Genderfluid,28,Brand,very unlikely,somewhat agree,not interested,Price,Design,Positive Reviews
152,Genderfluid,37,Brand,somewhat likely,strongly agree,very interested,Price,Design,Positive Reviews
153,Male,42,Brand,very unlikely,strongly disagree,somewhat interested,Price,Design,Positive Reviews
154,Male,49,Brand,somewhat unlikely,somewhat disagree,neutral,Price,Design,Positive Reviews
155,Male,47,,,,,,,
156,Female,68,,,,,,,
157,Female,36,,,,,,,
158,Polygender,16,Brand,very likely,strongly agree,not interested,Price,Design,Positive Reviews
159,Male,33,,,,,,,
160,Polygender,17,,,,,,,
161,Genderqueer,25,Brand,somewhat unlikely,strongly agree,somewhat interested,Price,Design,Positive Reviews
162,Genderfluid,31,,,,,,,
163,Agender,75,Brand,very likely,strongly agree,somewhat interested,Price,Design,Positive Reviews
164,Non-binary,17,,,,,,,
165,Bigender,77,Brand,neutral,strongly agree,somewhat interested,Price,Design,Positive Reviews
166,Genderfluid,72,Brand,neutral,strongly agree,not interested,Price,Design,Positive Reviews
167,Non-binary,30,Brand,neutral,somewhat agree,not interested,Price,Design,Positive Reviews
168,Female,31,,,,,,,
169,Bigender,70,Brand,neutral,somewhat agree,not interested,Price,Design,Positive Reviews
170,Polygender,54,,,,,,,
171,Male,32,Brand,neutral,strongly agree,very interested,Price,Design,Positive Reviews
172,Male,60,Brand,very unlikely,strongly disagree,very interested,Price,Design,Positive Reviews
173,Male,58,,,,,,,
174,Female,44,Brand,neutral,somewhat agree,neutral,Price,Design,Positive Reviews
175,Genderqueer,36,Brand,very unlikely,strongly disagree,very interested,Price,Design,Positive Reviews
176,Female,68,,,,,,,
177,Non-binary,64,,,,,,,
178,Genderfluid,79,Brand,neutral,strongly disagree,neutral,Price,Design,Positive Reviews
179,Female,48,Brand,somewhat likely,neutral,somewhat interested,Price,Design,Positive Reviews
180,Bigender,31,Brand,somewhat likely,strongly disagree,neutral,Price,Design,Positive Reviews
181,Agender,59,,,,,,,
182,Genderfluid,44,Brand,somewhat unlikely,strongly agree,not interested,Price,Design,Positive Reviews
183,Bigender,66,,,,,,,
184,Non-binary,44,Brand,neutral,strongly agree,not interested,Price,Design,Positive Reviews
185,Bigender,38,,,,,,,
186,Genderqueer,77,,,,,,,
187,Non-binary,36,,,,,,,
188,Genderfluid,48,Brand,very unlikely,strongly agree,not interested,Price,Design,Positive Reviews
189,Male,74,Brand,somewhat unlikely,neutral,neutral,Price,Design,Positive Reviews
190,Non-binary,52,,,,,,,
191,Genderfluid,45,,,,,,,
192,Male,71,,,,,,,
193,Genderfluid,59,,,,,,,
194,Non-binary,73,Brand,somewhat likely,strongly agree,somewhat interested,Price,Design,Positive Reviews
195,Male,38,Brand,somewhat unlikely,strongly disagree,not interested,Price,Design,Positive Reviews
196,Polygender,58,Brand,neutral,neutral,somewhat interested,Price,Design,Positive Reviews
197,Agender,47,Brand,very unlikely,somewhat agree,very interested,Price,Design,Positive Reviews
198,Male,25,Brand,very likely,somewhat agree,neutral,Price,Design,Positive Reviews
199,Male,62,,,,,,,
200,Bigender,78,Brand,very unlikely,strongly disagree,somewhat interested,Price,Design,Positive Reviews
201,Genderfluid,53,Brand,somewhat likely,somewhat disagree,very interested,Price,Design,Positive Reviews
202,Bigender,27,,,,,,,
203,Polygender,40,Brand,very unlikely,neutral,neutral,Price,Design,Positive Reviews
204,Male,80,Brand,neutral,neutral,somewhat interested,Price,Design,Positive Reviews
205,Non-binary,77,Brand,somewhat unlikely,somewhat agree,somewhat interested,Price,Design,Positive Reviews
206,Agender,74,Brand,very unlikely,somewhat agree,not interested,Price,Design,Positive Reviews
207,Non-binary,30,Brand,somewhat likely,neutral,not interested,Price,Design,Positive Reviews
208,Agender,27,,,,,,,
209,Polygender,45,Brand,neutral,strongly agree,neutral,Price,Design,Positive Reviews
210,Genderqueer,76,Brand,neutral,neutral,neutral,Price,Design,Positive Reviews
211,Genderfluid,78,,,,,,,
212,Male,33,,,,,,,
213,Polygender,20,Brand,very likely,somewhat disagree,very interested,Price,Design,Positive Reviews
214,Polygender,59,Brand,somewhat likely,neutral,not interested,Price,Design,Positive Reviews
215,Agender,40,Brand,somewhat likely,somewhat disagree,neutral,Price,Design,Positive Reviews
216,Non-binary,17,,,,,,,
217,Male,40,Brand,somewhat unlikely,strongly disagree,neutral,Price,Design,Positive Reviews
218,Bigender,17,Brand,very likely,somewhat disagree,somewhat interested,Price,Design,Positive Reviews
219,Agender,21,Brand,somewhat unlikely,somewhat agree,very interested,Price,Design,Positive Reviews
220,Polygender,54,Brand,very unlikely,somewhat disagree,not interested,Price,Design,Positive Reviews
221,Genderfluid,66,Brand,somewhat unlikely,strongly disagree,very interested,Price,Design,Positive Reviews
222,Genderfluid,63,Brand,somewhat likely,somewhat agree,somewhat interested,Price,Design,Positive Reviews
223,Genderfluid,72,,,,,,,
224,Polygender,44,,,,,,,
225,Polygender,42,Brand,neutral,strongly agree,neutral,Price,Design,Positive Reviews
226,Genderfluid,22,,,,,,,
227,Genderfluid,67,,,,,,,
228,Bigender,52,Brand,very unlikely,somewhat disagree,very interested,Price,Design,Positive Reviews
229,Male,62,Brand,neutral,somewhat agree,not interested,Price,Design,Positive Reviews
230,Male,60,Brand,very unlikely,neutral,neutral,Price,Design,Positive Reviews
231,Male,29,,,,,,,
232,Female,49,,,,,,,
233,Genderqueer,42,,,,,,,
234,Non-binary,26,,,,,,,
235,Agender,67,Brand,somewhat likely,somewhat agree,somewhat interested,Price,Design,Positive Reviews
236,Male,31,,,,,,,
237,Polygender,78,Brand,very unlikely,somewhat disagree,neutral,Price,Design,Positive Reviews
238,Male,53,Brand,very unlikely,strongly agree,somewhat interested,Price,Design,Positive Reviews
239,Non-binary,20,Brand,very likely,somewhat agree,very interested,Price,Design,Positive Reviews
240,Polygender,48,Brand,very unlikely,strongly disagree,not interested,Price,Design,Positive Reviews
241,Polygender,24,,,,,,,
242,Female,47,,,,,,,
243,Genderqueer,48,Brand,somewhat unlikely,neutral,somewhat interested,Price,Design,Positive Reviews
244,Genderfluid,26,,,,,,,
245,Female,45,Brand,very unlikely,strongly agree,somewhat interested,Price,Design,Positive Reviews
246,Male,54,,,,,,,
247,Agender,16,Brand,very unlikely,somewhat disagree,neutral,Price,Design,Positive Reviews
248,Genderfluid,61,Brand,somewhat unlikely,strongly disagree,somewhat interested,Price,Design,Positive Reviews
249,Male,33,Brand,very likely,strongly agree,neutral,Price,Design,Positive Reviews
250,Non-binary,48,,,,,,,
251,Genderfluid,18,Brand,neutral,somewhat disagree,neutral,Price,Design,Positive Reviews
252,Non-binary,65,,,,,,,
253,Non-binary,28,,,,,,,
254,Female,42,Brand,very likely,strongly disagree,somewhat interested,Price,Design,Positive Reviews
255,Polygender,56,Brand,neutral,neutral,not interested,Price,Design,Positive Reviews
256,Polygender,67,,,,,,,
257,Female,50,,,,,,,
258,Male,54,,,,,,,
259,Genderfluid,31,Brand,neutral,strongly disagree,neutral,Price,Design,Positive Reviews
260,Male,59,,,,,,,
261,Polygender,36,Brand,somewhat likely,strongly agree,somewhat interested,Price,Design,Positive Reviews
262,Male,78,,,,,,,
263,Genderfluid,38,,,,,,,
264,Bigender,37,,,,,,,
265,Non-binary,68,Brand,very unlikely,neutral,somewhat interested,Price,Design,Positive Reviews
266,Non-binary,70,,,,,,,
267,Non-binary,72,Brand,very likely,strongly agree,somewhat interested,Price,Design,Positive Reviews
268,Female,56,,,,,,,
269,Female,74,Brand,very unlikely,strongly disagree,very interested,Price,Design,Positive Reviews
270,Agender,17,Brand,very likely,somewhat disagree,neutral,Price,Design,Positive Reviews
271,Male,22,Brand,somewhat likely,strongly agree,very interested,Price,Design,Positive Reviews
272,Bigender,41,,,,,,,
273,Genderqueer,25,Brand,somewhat unlikely,somewhat agree,very interested,Price,Design,Positive Reviews
274,Genderfluid,78,,,,,,,
275,Male,25,,,,,,,
276,Non-binary,23,,,,,,,
277,Genderqueer,66,Brand,very unlikely,somewhat disagree,not interested,Price,Design,Positive Reviews
278,Male,38,,,,,,,
279,Genderqueer,55,,,,,,,
280,Male,64,Brand,very unlikely,neutral,not interested,Price,Design,Positive Reviews
281,Bigender,50,Brand,somewhat likely,neutral,very interested,Price,Design,Positive Reviews
282,Non-binary,38,Brand,very likely,somewhat agree,not interested,Price,Design,Positive Reviews
283,Genderqueer,76,,,,,,,
284,Male,44,Brand,somewhat unlikely,neutral,not interested,Price,Design,Positive Reviews
285,Genderqueer,44,Brand,neutral,strongly agree,somewhat interested,Price,Design,Positive Reviews
286,Female,79,,,,,,,
287,Genderqueer,34,,,,,,,
288,Male,70,,,,,,,
289,Genderqueer,49,,,,,,,
290,Non-binary,16,Brand,very unlikely,strongly agree,not interested,Price,Design,Positive Reviews
291,Polygender,43,Brand,very likely,strongly agree,very interested,Price,Design,Positive Reviews
292,Genderfluid,57,Brand,somewhat likely,somewhat agree,somewhat interested,Price,Design,Positive Reviews
293,Male,45,,,,,,,
294,Female,17,,,,,,,
295,Polygender,70,Brand,neutral,somewhat disagree,somewhat interested,Price,Design,Positive Reviews
296,Bigender,79,Brand,very unlikely,strongly agree,somewhat interested,Price,Design,Positive Reviews
297,Agender,44,Brand,somewhat unlikely,neutral,very interested,Price,Design,Positive Reviews
298,Female,68,,,,,,,
299,Female,16,Brand,somewhat unlikely,neutral,not interested,Price,Design,Positive Reviews
300,Genderfluid,39,Brand,somewhat unlikely,strongly disagree,not interested,Price,Design,Positive Reviews
301,Genderfluid,55,Brand,very likely,somewhat disagree,not interested,Price,Design,Positive Reviews
302,Genderfluid,60,,,,,,,
303,Male,34,Brand,somewhat unlikely,somewhat disagree,somewhat interested,Price,Design,Positive Reviews
304,Bigender,39,,,,,,,
305,Genderqueer,61,Brand,very likely,somewhat agree,somewhat interested,Price,Design,Positive Reviews
306,Bigender,16,Brand,somewhat unlikely,neutral,somewhat interested,Price,Design,Positive Reviews
307,Non-binary,20,,,,,,,
308,Genderqueer,64,Brand,somewhat unlikely,strongly agree,somewhat interested,Price,Design,Positive Reviews
309,Male,57,,,,,,,
310,Non-binary,33,Brand,very likely,somewhat disagree,not interested,Price,Design,Positive Reviews
311,Genderqueer,73,Brand,somewhat unlikely,somewhat disagree,neutral,Price,Design,Positive Reviews
312,Non-binary,49,,,,,,,
313,Agender,22,Brand,somewhat likely,somewhat disagree,neutral,Price,Design,Positive Reviews
314,Genderfluid,30,,,,,,,
315,Agender,47,,,,,,,
316,Female,32,,,,,,,
317,Genderqueer,30,Brand,neutral,strongly agree,not interested,Price,Design,Positive Reviews
318,Male,49,,,,,,,
319,Male,30,Brand,very likely,strongly agree,not interested,Price,Design,Positive Reviews
320,Genderfluid,18,Brand,very unlikely,neutral,very interested,Price,Design,Positive Reviews
321,Bigender,59,Brand,very likely,somewhat disagree,very interested,Price,Design,Positive Reviews
322,Non-binary,33,Brand,somewhat unlikely,strongly agree,not interested,Price,Design,Positive Reviews
323,Genderqueer,74,,,,,,,
324,Female,80,Brand,very likely,strongly agree,neutral,Price,Design,Positive Reviews
325,Genderqueer,44,Brand,neutral,strongly agree,very interested,Price,Design,Positive Reviews
326,Genderqueer,67,Brand,very unlikely,somewhat agree,somewhat interested,Price,Design,Positive Reviews
327,Male,78,,,,,,,
328,Bigender,44,,,,,,,
329,Female,70,Brand,very likely,strongly disagree,somewhat interested,Price,Design,Positive Reviews
330,Agender,69,Brand,somewhat likely,neutral,neutral,Price,Design,Positive Reviews
331,Male,48,Brand,neutral,strongly agree,very interested,Price,Design,Positive Reviews
332,Male,44,Brand,somewhat unlikely,neutral,not interested,Price,Design,Positive Reviews
333,Non-binary,27,Brand,somewhat likely,neutral,very interested,Price,Design,Positive Reviews
334,Bigender,51,Brand,somewhat likely,neutral,not interested,Price,Design,Positive Reviews
335,Bigender,32,,,,,,,
336,Non-binary,40,Brand,somewhat unlikely,strongly agree,very interested,Price,Design,Positive Reviews
337,Female,35,,,,,,,
338,Non-binary,40,Brand,very unlikely,strongly agree,somewhat interested,Price,Design,Positive Reviews
339,Genderqueer,22,Brand,very likely,somewhat disagree,not interested,Price,Design,Positive Reviews
340,Female,17,,,,,,,
341,Male,32,Brand,very likely,somewhat disagree,somewhat interested,Price,Design,Positive Reviews
342,Bigender,74,Brand,very unlikely,strongly agree,somewhat interested,Price,Design,Positive Reviews
343,Non-binary,28,Brand,somewhat likely,somewhat agree,very interested,Price,Design,Positive Reviews
344,Polygender,71,Brand,somewhat likely,strongly disagree,somewhat interested,Price,Design,Positive Reviews
345,Genderqueer,48,,,,,,,
346,Genderqueer,20,Brand,very unlikely,somewhat agree,not interested,Price,Design,Positive Reviews
347,Genderqueer,46,,,,,,,
348,Male,46,,,,,,,
349,Male,44,Brand,very likely,strongly agree,somewhat interested,Price,Design,Positive Reviews
350,Male,62,Brand,somewhat likely,strongly disagree,somewhat interested,Price,Design,Positive Reviews
351,Female,74,,,,,,,
352,Genderfluid,23,,,,,,,
353,Female,32,Brand,somewhat unlikely,somewhat disagree,somewhat interested,Price,Design,Positive Reviews
354,Polygender,79,,,,,,,
355,Genderfluid,40,,,,,,,
356,Male,46,,,,,,,
357,Agender,66,Brand,very likely,strongly agree,not interested,Price,Design,Positive Reviews
358,Genderqueer,79,Brand,neutral,neutral,somewhat interested,Price,Design,Positive Reviews
359,Genderfluid,55,,,,,,,
360,Polygender,59,Brand,somewhat likely,somewhat agree,not interested,Price,Design,Positive Reviews
361,Polygender,23,Brand,very unlikely,strongly disagree,very interested,Price,Design,Positive Reviews
362,Agender,78,Brand,very unlikely,neutral,somewhat interested,Price,Design,Positive Reviews
363,Bigender,38,Brand,very likely,strongly disagree,somewhat interested,Price,Design,Positive Reviews
364,Male,21,Brand,very unlikely,strongly disagree,somewhat interested,Price,Design,Positive Reviews
365,Genderfluid,56,Brand,neutral,strongly agree,somewhat interested,Price,Design,Positive Reviews
366,Male,35,,,,,,,
367,Non-binary,68,Brand,very likely,strongly disagree,very interested,Price,Design,Positive Reviews
368,Bigender,30,Brand,neutral,somewhat agree,neutral,Price,Design,Positive Reviews
369,Polygender,42,Brand,very unlikely,somewhat disagree,somewhat interested,Price,Design,Positive Reviews
370,Polygender,46,,,,,,,
371,Female,46,,,,,,,
372,Male,77,Brand,very unlikely,somewhat disagree,somewhat interested,Price,Design,Positive Reviews
373,Male,42,,,,,,,
374,Bigender,46,Brand,very likely,somewhat disagree,somewhat interested,Price,Design,Positive Reviews
375,Non-binary,28,,,,,,,
376,Non-binary,43,Brand,very likely,strongly disagree,neutral,Price,Design,Positive Reviews
377,Bigender,77,Brand,somewhat unlikely,somewhat agree,very interested,Price,Design,Positive Reviews
378,Bigender,19,Brand,somewhat likely,strongly agree,not interested,Price,Design,Positive Reviews
379,Non-binary,72,,,,,,,
380,Non-binary,62,Brand,very unlikely,somewhat agree,somewhat interested,Price,Design,Positive Reviews
381,Female,76,Brand,somewhat likely,strongly disagree,very interested,Price,Design,Positive Reviews
382,Male,66,Brand,somewhat likely,strongly disagree,not interested,Price,Design,Positive Reviews
383,Agender,52,Brand,somewhat likely,somewhat agree,very interested,Price,Design,Positive Reviews
384,Genderqueer,17,,,,,,,
385,Genderfluid,45,Brand,very unlikely,strongly disagree,neutral,Price,Design,Positive Reviews
386,Polygender,59,Brand,very likely,somewhat agree,very interested,Price,Design,Positive Reviews
387,Female,17,,,,,,,
388,Male,27,,,,,,,
389,Non-binary,26,,,,,,,
390,Non-binary,69,Brand,neutral,neutral,very interested,Price,Design,Positive Reviews
391,Non-binary,41,Brand,very unlikely,strongly agree,neutral,Price,Design,Positive Reviews
392,Bigender,18,,,,,,,
393,Agender,32,,,,,,,
394,Polygender,44,,,,,,,
395,Genderqueer,73,Brand,somewhat likely,neutral,not interested,Price,Design,Positive Reviews
396,Bigender,18,,,,,,,
397,Male,47,Brand,somewhat unlikely,neutral,neutral,Price,Design,Positive Reviews
398,Female,63,,,,,,,
399,Bigender,57,Brand,neutral,somewhat agree,neutral,Price,Design,Positive Reviews
400,Bigender,17,,,,,,,
401,Polygender,62,,,,,,,
402,Non-binary,59,Brand,very likely,strongly agree,not interested,Price,Design,Positive Reviews
403,Male,28,Brand,somewhat likely,neutral,neutral,Price,Design,Positive Reviews
404,Female,18,Brand,very likely,strongly disagree,somewhat interested,Price,Design,Positive Reviews
405,Non-binary,49,Brand,somewhat unlikely,neutral,not interested,Price,Design,Positive Reviews
406,Male,19,,,,,,,
407,Female,62,,,,,,,
408,Female,50,Brand,somewhat likely,neutral,very interested,Price,Design,Positive Reviews
409,Male,69,Brand,somewhat unlikely,neutral,not interested,Price,Design,Positive Reviews
410,Genderfluid,51,,,,,,,
411,Agender,76,,,,,,,
412,Bigender,25,Brand,neutral,somewhat disagree,somewhat interested,Price,Design,Positive Reviews
413,Non-binary,80,,,,,,,
414,Genderfluid,61,,,,,,,
415,Polygender,26,Brand,very unlikely,somewhat agree,neutral,Price,Design,Positive Reviews
416,Polygender,16,,,,,,,
417,Genderfluid,60,Brand,somewhat likely,somewhat disagree,somewhat interested,Price,Design,Positive Reviews
418,Genderfluid,31,,,,,,,
419,Female,60,,,,,,,
420,Male,79,Brand,somewhat unlikely,strongly disagree,neutral,Price,Design,Positive Reviews
421,Agender,35,Brand,neutral,somewhat agree,very interested,Price,Design,Positive Reviews
422,Male,76,,,,,,,
423,Female,51,,,,,,,
424,Polygender,72,Brand,very unlikely,strongly agree,very interested,Price,Design,Positive Reviews
425,Agender,63,,,,,,,
426,Genderqueer,80,,,,,,,
427,Male,36,,,,,,,
428,Genderfluid,31,Brand,very unlikely,somewhat disagree,somewhat interested,Price,Design,Positive Reviews
429,Genderqueer,56,Brand,somewhat likely,strongly disagree,not interested,Price,Design,Positive Reviews
430,Polygender,73,,,,,,,
431,Female,71,Brand,somewhat likely,strongly agree,very interested,Price,Design,Positive Reviews
432,Male,39,,,,,,,
433,Male,34,Brand,very likely,neutral,neutral,Price,Design,Positive Reviews
434,Polygender,46,Brand,somewhat unlikely,somewhat agree,neutral,Price,Design,Positive Reviews
435,Polygender,47,Brand,somewhat unlikely,strongly disagree,very interested,Price,Design,Positive Reviews
436,Agender,54,Brand,very likely,neutral,neutral,Price,Design,Positive Reviews
437,Male,17,,,,,,,
438,Male,31,Brand,very likely,neutral,very interested,Price,Design,Positive Reviews
439,Non-binary,75,,,,,,,
440,Genderqueer,44,Brand,somewhat likely,neutral,not interested,Price,Design,Positive Reviews
441,Female,19,,,,,,,
442,Genderqueer,54,Brand,somewhat likely,strongly disagree,neutral,Price,Design,Positive Reviews
443,Genderfluid,62,Brand,neutral,somewhat agree,not interested,Price,Design,Positive Reviews
444,Genderqueer,80,Brand,neutral,somewhat agree,very interested,Price,Design,Positive Reviews
445,Female,42,,,,,,,
446,Male,26,Brand,very likely,strongly disagree,very interested,Price,Design,Positive Reviews
447,Polygender,42,Brand,somewhat likely,neutral,neutral,Price,Design,Positive Reviews
448,Male,52,,,,,,,
449,Polygender,52,,,,,,,
450,Non-binary,48,Brand,very likely,strongly agree,somewhat interested,Price,Design,Positive Reviews
451,Non-binary,18,Brand,neutral,strongly disagree,not interested,Price,Design,Positive Reviews
452,Female,51,Brand,somewhat likely,neutral,very interested,Price,Design,Positive Reviews
453,Genderfluid,36,Brand,somewhat unlikely,strongly agree,somewhat interested,Price,Design,Positive Reviews
454,Agender,74,,,,,,,
455,Polygender,55,,,,,,,
456,Polygender,35,,,,,,,
457,Female,71,Brand,neutral,strongly disagree,neutral,Price,Design,Positive Reviews
458,Genderqueer,50,Brand,somewhat likely,neutral,neutral,Price,Design,Positive Reviews
459,Female,30,Brand,very unlikely,somewhat agree,not interested,Price,Design,Positive Reviews
460,Genderqueer,58,Brand,somewhat unlikely,somewhat disagree,not interested,Price,Design,Positive Reviews
461,Bigender,46,Brand,somewhat likely,neutral,very interested,Price,Design,Positive Reviews
462,Polygender,70,,,,,,,
463,Agender,77,Brand,very likely,strongly agree,somewhat interested,Price,Design,Positive Reviews
464,Bigender,19,Brand,very likely,somewhat disagree,neutral,Price,Design,Positive Reviews
465,Non-binary,33,Brand,somewhat likely,neutral,not interested,Price,Design,Positive Reviews
466,Genderfluid,80,Brand,somewhat likely,neutral,very interested,Price,Design,Positive Reviews
467,Bigender,23,Brand,very likely,neutral,not interested,Price,Design,Positive Reviews
468,Polygender,35,Brand,very likely,somewhat disagree,neutral,Price,Design,Positive Reviews
469,Genderfluid,38,,,,,,,
470,Non-binary,58,,,,,,,
471,Bigender,67,Brand,somewhat unlikely,strongly agree,somewhat interested,Price,Design,Positive Reviews
472,Non-binary,64,,,,,,,
473,Genderfluid,36,Brand,somewhat unlikely,somewhat disagree,neutral,Price,Design,Positive Reviews
474,Bigender,43,Brand,somewhat likely,neutral,somewhat interested,Price,Design,Positive Reviews
475,Genderqueer,44,,,,,,,
476,Male,26,Brand,very unlikely,neutral,not interested,Price,Design,Positive Reviews
477,Agender,17,,,,,,,
478,Genderqueer,24,Brand,very unlikely,somewhat agree,neutral,Price,Design,Positive Reviews
479,Male,67,Brand,neutral,strongly agree,not interested,Price,Design,Positive Reviews
480,Genderqueer,17,,,,,,,
481,Genderfluid,41,Brand,neutral,somewhat agree,neutral,Price,Design,Positive Reviews
482,Female,34,Brand,somewhat likely,somewhat disagree,very interested,Price,Design,Positive Reviews
483,Genderqueer,18,Brand,somewhat likely,somewhat disagree,somewhat interested,Price,Design,Positive Reviews
484,Genderfluid,57,Brand,very unlikely,strongly agree,neutral,Price,Design,Positive Reviews
485,Bigender,25,Brand,very unlikely,somewhat disagree,somewhat interested,Price,Design,Positive Reviews
486,Male,18,Brand,somewhat unlikely,somewhat agree,very interested,Price,Design,Positive Reviews
487,Genderfluid,71,,,,,,,
488,Polygender,43,,,,,,,
489,Female,43,Brand,neutral,strongly agree,not interested,Price,Design,Positive Reviews
490,Bigender,23,Brand,neutral,somewhat agree,very interested,Price,Design,Positive Reviews
491,Agender,44,Brand,very likely,strongly agree,very interested,Price,Design,Positive Reviews
492,Bigender,35,Brand,neutral,strongly agree,somewhat interested,Price,Design,Positive Reviews
493,Genderqueer,34,Brand,very unlikely,strongly disagree,neutral,Price,Design,Positive Reviews
494,Genderqueer,50,Brand,very likely,somewhat disagree,not interested,Price,Design,Positive Reviews
495,Non-binary,73,,,,,,,
496,Genderfluid,59,,,,,,,
497,Genderfluid,20,Brand,neutral,strongly disagree,not interested,Price,Design,Positive Reviews
498,Bigender,31,Brand,very likely,somewhat agree,neutral,Price,Design,Positive Reviews
499,Genderqueer,56,Brand,somewhat unlikely,strongly disagree,somewhat interested,Price,Design,Positive Reviews
500,Female,42,,,,,,,
501,Bigender,65,,,,,,,
502,Agender,43,Brand,somewhat likely,somewhat disagree,somewhat interested,Price,Design,Positive Reviews
503,Non-binary,65,Brand,very unlikely,somewhat disagree,very interested,Price,Design,Positive Reviews
504,Genderqueer,42,Brand,somewhat likely,somewhat disagree,neutral,Price,Design,Positive Reviews
505,Genderfluid,32,,,,,,,
506,Bigender,39,,,,,,,
507,Bigender,42,Brand,neutral,strongly agree,neutral,Price,Design,Positive Reviews
508,Non-binary,16,,,,,,,
509,Female,42,,,,,,,
510,Agender,16,Brand,very unlikely,neutral,somewhat interested,Price,Design,Positive Reviews
511,Female,79,Brand,very unlikely,somewhat agree,neutral,Price,Design,Positive Reviews
512,Genderqueer,66,Brand,very likely,strongly disagree,not interested,Price,Design,Positive Reviews
513,Polygender,61,Brand,somewhat unlikely,neutral,very interested,Price,Design,Positive Reviews
514,Non-binary,38,Brand,very unlikely,somewhat agree,very interested,Price,Design,Positive Reviews
515,Female,59,,,,,,,
516,Polygender,32,,,,,,,
517,Agender,61,Brand,very likely,neutral,very interested,Price,Design,Positive Reviews
518,Bigender,18,Brand,neutral,somewhat disagree,somewhat interested,Price,Design,Positive Reviews
519,Non-binary,39,,,,,,,
520,Female,29,Brand,very unlikely,somewhat agree,neutral,Price,Design,Positive Reviews
521,Female,43,Brand,somewhat unlikely,somewhat agree,neutral,Price,Design,Positive Reviews
522,Agender,52,,,,,,,
523,Genderfluid,78,,,,,,,
524,Genderqueer,63,,,,,,,
525,Genderqueer,71,,,,,,,
526,Genderfluid,80,,,,,,,
527,Agender,20,Brand,neutral,strongly agree,not interested,Price,Design,Positive Reviews
528,Genderqueer,74,,,,,,,
529,Male,70,Brand,neutral,neutral,neutral,Price,Design,Positive Reviews
530,Bigender,60,,,,,,,
531,Agender,43,Brand,very likely,strongly disagree,somewhat interested,Price,Design,Positive Reviews
532,Female,58,,,,,,,
533,Genderfluid,72,,,,,,,
534,Bigender,21,,,,,,,
535,Genderqueer,42,Brand,very unlikely,strongly agree,neutral,Price,Design,Positive Reviews
536,Genderfluid,36,,,,,,,
537,Female,60,Brand,somewhat unlikely,strongly disagree,very interested,Price,Design,Positive Reviews
538,Genderfluid,62,Brand,very likely,somewhat disagree,somewhat interested,Price,Design,Positive Reviews
539,Genderqueer,68,,,,,,,
540,Polygender,49,Brand,very likely,strongly agree,not interested,Price,Design,Positive Reviews
541,Bigender,40,,,,,,,
542,Male,57,Brand,very likely,neutral,not interested,Price,Design,Positive Reviews
543,Male,46,Brand,somewhat likely,strongly disagree,very interested,Price,Design,Positive Reviews
544,Bigender,17,Brand,very unlikely,neutral,neutral,Price,Design,Positive Reviews
545,Bigender,40,Brand,somewhat likely,strongly disagree,not interested,Price,Design,Positive Reviews
546,Genderfluid,36,,,,,,,
547,Male,42,,,,,,,
548,Non-binary,58,,,,,,,
549,Agender,71,,,,,,,
550,Agender,23,Brand,somewhat likely,neutral,neutral,Price,Design,Positive Reviews
551,Non-binary,26,Brand,somewhat likely,strongly agree,somewhat interested,Price,Design,Positive Reviews
552,Agender,37,,,,,,,
553,Non-binary,45,Brand,somewhat unlikely,somewhat disagree,very interested,Price,Design,Positive Reviews
554,Genderqueer,77,Brand,very unlikely,strongly disagree,very interested,Price,Design,Positive Reviews
555,Male,53,,,,,,,
556,Genderfluid,21,Brand,somewhat likely,somewhat disagree,somewhat interested,Price,Design,Positive Reviews
557,Polygender,30,Brand,very likely,somewhat disagree,somewhat interested,Price,Design,Positive Reviews
558,Agender,43,,,,,,,
559,Polygender,44,Brand,very likely,somewhat agree,very interested,Price,Design,Positive Reviews
560,Female,61,,,,,,,
561,Male,47,,,,,,,
562,Non-binary,44,Brand,very unlikely,neutral,neutral,Price,Design,Positive Reviews
563,Male,37,,,,,,,
564,Polygender,65,,,,,,,
565,Bigender,76,Brand,somewhat unlikely,strongly disagree,somewhat interested,Price,Design,Positive Reviews
566,Bigender,67,,,,,,,
567,Agender,43,,,,,,,
568,Female,27,Brand,neutral,neutral,not interested,Price,Design,Positive Reviews
569,Polygender,19,,,,,,,
570,Bigender,75,Brand,somewhat unlikely,somewhat agree,not interested,Price,Design,Positive Reviews
571,Agender,79,,,,,,,
572,Bigender,31,Brand,very likely,somewhat disagree,somewhat interested,Price,Design,Positive Reviews
573,Genderqueer,65,Brand,very unlikely,strongly disagree,very interested,Price,Design,Positive Reviews
574,Non-binary,24,Brand,neutral,somewhat disagree,somewhat interested,Price,Design,Positive Reviews
575,Agender,45,,,,,,,
576,Agender,78,Brand,somewhat likely,strongly disagree,very interested,Price,Design,Positive Reviews
577,Female,42,Brand,very unlikely,strongly disagree,neutral,Price,Design,Positive Reviews
578,Bigender,68,,,,,,,
579,Polygender,69,,,,,,,
580,Polygender,17,Brand,very unlikely,neutral,somewhat interested,Price,Design,Positive Reviews
581,Female,74,Brand,very unlikely,somewhat agree,not interested,Price,Design,Positive Reviews
582,Genderqueer,65,,,,,,,
583,Genderfluid,40,,,,,,,
584,Female,40,Brand,somewhat unlikely,somewhat agree,very interested,Price,Design,Positive Reviews
585,Non-binary,27,Brand,very unlikely,somewhat agree,neutral,Price,Design,Positive Reviews
586,Male,28,,,,,,,
587,Female,63,,,,,,,
588,Male,41,,,,,,,
589,Bigender,51,,,,,,,
590,Non-binary,57,,,,,,,
591,Polygender,69,Brand,somewhat unlikely,somewhat disagree,somewhat interested,Price,Design,Positive Reviews
592,Polygender,71,Brand,neutral,strongly agree,neutral,Price,Design,Positive Reviews
593,Female,77,,,,,,,
594,Male,66,,,,,,,
595,Female,45,Brand,very likely,somewhat disagree,not interested,Price,Design,Positive Reviews
596,Non-binary,37,,,,,,,
597,Genderfluid,21,Brand,very unlikely,strongly disagree,very interested,Price,Design,Positive Reviews
598,Non-binary,16,,,,,,,
599,Non-binary,18,Brand,neutral,strongly agree,somewhat interested,Price,Design,Positive Reviews
600,Polygender,47,Brand,somewhat likely,neutral,neutral,Price,Design,Positive Reviews
601,Genderfluid,74,Brand,neutral,somewhat agree,not interested,Price,Design,Positive Reviews
602,Genderfluid,68,Brand,somewhat unlikely,strongly disagree,neutral,Price,Design,Positive Reviews
603,Agender,39,Brand,neutral,somewhat agree,neutral,Price,Design,Positive Reviews
604,Non-binary,27,Brand,somewhat unlikely,somewhat disagree,not interested,Price,Design,Positive Reviews
605,Male,39,,,,,,,
606,Polygender,29,,,,,,,
607,Genderqueer,30,,,,,,,
608,Genderfluid,61,Brand,very unlikely,strongly agree,not interested,Price,Design,Positive Reviews
609,Genderfluid,18,,,,,,,
610,Genderfluid,41,Brand,somewhat likely,strongly disagree,very interested,Price,Design,Positive Reviews
611,Male,54,,,,,,,
612,Non-binary,30,Brand,somewhat unlikely,neutral,somewhat interested,Price,Design,Positive Reviews
613,Non-binary,28,Brand,very unlikely,strongly agree,very interested,Price,Design,Positive Reviews
614,Non-binary,51,,,,,,,
615,Bigender,47,,,,,,,
616,Male,60,,,,,,,
617,Genderfluid,47,Brand,very unlikely,neutral,not interested,Price,Design,Positive Reviews
618,Agender,73,Brand,neutral,strongly disagree,very interested,Price,Design,Positive Reviews
619,Polygender,37,,,,,,,
620,Polygender,52,Brand,neutral,somewhat disagree,neutral,Price,Design,Positive Reviews
621,Genderfluid,56,,,,,,,
622,Female,65,Brand,very likely,strongly agree,not interested,Price,Design,Positive Reviews
623,Non-binary,46,,,,,,,
624,Non-binary,56,Brand,somewhat likely,strongly disagree,not interested,Price,Design,Positive Reviews
625,Genderfluid,58,Brand,somewhat unlikely,somewhat disagree,very interested,Price,Design,Positive Reviews
626,Bigender,69,Brand,somewhat unlikely,strongly disagree,not interested,Price,Design,Positive Reviews
627,Non-binary,58,,,,,,,
628,Bigender,48,,,,,,,
629,Genderqueer,67,,,,,,,
630,Male,49,,,,,,,
631,Bigender,47,,,,,,,
632,Agender,45,Brand,neutral,strongly agree,somewhat interested,Price,Design,Positive Reviews
633,Polygender,44,,,,,,,
634,Genderqueer,38,,,,,,,
635,Bigender,34,Brand,neutral,somewhat disagree,not interested,Price,Design,Positive Reviews
636,Female,74,,,,,,,
637,Agender,67,,,,,,,
638,Non-binary,72,Brand,very unlikely,strongly agree,very interested,Price,Design,Positive Reviews
639,Bigender,48,Brand,very likely,somewhat agree,neutral,Price,Design,Positive Reviews
640,Genderqueer,35,Brand,neutral,somewhat agree,somewhat interested,Price,Design,Positive Reviews
641,Female,21,Brand,somewhat unlikely,strongly disagree,somewhat interested,Price,Design,Positive Reviews
642,Agender,25,,,,,,,
643,Non-binary,22,Brand,somewhat likely,neutral,very interested,Price,Design,Positive Reviews
644,Male,60,Brand,neutral,somewhat agree,neutral,Price,Design,Positive Reviews
645,Female,21,Brand,very likely,strongly agree,very interested,Price,Design,Positive Reviews
646,Female,21,Brand,somewhat likely,strongly disagree,very interested,Price,Design,Positive Reviews
647,Bigender,30,Brand,somewhat likely,somewhat disagree,very interested,Price,Design,Positive Reviews
648,Agender,48,,,,,,,
649,Bigender,61,Brand,somewhat unlikely,somewhat disagree,somewhat interested,Price,Design,Positive Reviews
650,Non-binary,44,Brand,very unlikely,strongly disagree,somewhat interested,Price,Design,Positive Reviews
651,Male,28,Brand,very likely,somewhat agree,not interested,Price,Design,Positive Reviews
652,Agender,24,,,,,,,
653,Genderqueer,60,,,,,,,
654,Genderqueer,60,,,,,,,
655,Bigender,31,Brand,neutral,neutral,not interested,Price,Design,Positive Reviews
656,Female,18,,,,,,,
657,Female,56,Brand,somewhat unlikely,neutral,not interested,Price,Design,Positive Reviews
658,Agender,32,Brand,somewhat likely,strongly agree,very interested,Price,Design,Positive Reviews
659,Genderqueer,49,,,,,,,
660,Polygender,49,Brand,very likely,neutral,somewhat interested,Price,Design,Positive Reviews
661,Non-binary,38,,,,,,,
662,Genderqueer,17,,,,,,,
663,Agender,61,Brand,somewhat likely,somewhat disagree,somewhat interested,Price,Design,Positive Reviews
664,Genderqueer,43,Brand,very likely,strongly agree,very interested,Price,Design,Positive Reviews
665,Agender,67,Brand,very likely,somewhat agree,very interested,Price,Design,Positive Reviews
666,Male,31,,,,,,,
667,Polygender,47,Brand,very unlikely,somewhat disagree,somewhat interested,Price,Design,Positive Reviews
668,Bigender,70,,,,,,,
669,Non-binary,64,Brand,very likely,neutral,not interested,Price,Design,Positive Reviews
670,Genderfluid,25,Brand,somewhat unlikely,somewhat disagree,neutral,Price,Design,Positive Reviews
671,Non-binary,38,Brand,very unlikely,somewhat disagree,not interested,Price,Design,Positive Reviews
672,Genderfluid,57,Brand,somewhat likely,somewhat disagree,somewhat interested,Price,Design,Positive Reviews
673,Genderqueer,48,Brand,neutral,strongly agree,very interested,Price,Design,Positive Reviews
674,Genderfluid,69,,,,,,,
675,Female,30,Brand,very likely,strongly agree,not interested,Price,Design,Positive Reviews
676,Non-binary,74,Brand,very unlikely,strongly disagree,very interested,Price,Design,Positive Reviews
677,Genderqueer,32,,,,,,,
678,Agender,43,,,,,,,
679,Genderfluid,34,Brand,somewhat likely,somewhat agree,neutral,Price,Design,Positive Reviews
680,Female,57,Brand,very unlikely,strongly disagree,somewhat interested,Price,Design,Positive Reviews
681,Bigender,68,Brand,very unlikely,strongly agree,not interested,Price,Design,Positive Reviews
682,Genderfluid,24,,,,,,,
683,Genderqueer,71,,,,,,,
684,Genderfluid,49,Brand,neutral,neutral,not interested,Price,Design,Positive Reviews
685,Polygender,47,Brand,very likely,strongly disagree,neutral,Price,Design,Positive Reviews
686,Female,27,Brand,neutral,neutral,neutral,Price,Design,Positive Reviews
687,Non-binary,67,Brand,neutral,strongly agree,not interested,Price,Design,Positive Reviews
688,Bigender,80,Brand,neutral,strongly agree,somewhat interested,Price,Design,Positive Reviews
689,Genderfluid,67,Brand,neutral,neutral,somewhat interested,Price,Design,Positive Reviews
690,Genderqueer,19,,,,,,,
691,Genderfluid,73,Brand,neutral,strongly disagree,not interested,Price,Design,Positive Reviews
692,Polygender,68,Brand,very likely,somewhat agree,not interested,Price,Design,Positive Reviews
693,Non-binary,16,Brand,very unlikely,neutral,somewhat interested,Price,Design,Positive Reviews
694,Genderqueer,36,,,,,,,
695,Bigender,64,,,,,,,
696,Genderfluid,80,,,,,,,
697,Non-binary,32,Brand,very unlikely,neutral,not interested,Price,Design,Positive Reviews
698,Non-binary,55,Brand,somewhat unlikely,neutral,not interested,Price,Design,Positive Reviews
699,Polygender,67,Brand,neutral,strongly agree,neutral,Price,Design,Positive Reviews
700,Genderfluid,55,,,,,,,
701,Genderqueer,31,,,,,,,
702,Genderqueer,40,,,,,,,
703,Genderfluid,66,,,,,,,
704,Polygender,69,,,,,,,
705,Genderqueer,53,Brand,very unlikely,somewhat disagree,somewhat interested,Price,Design,Positive Reviews
706,Polygender,69,,,,,,,
707,Male,48,Brand,somewhat likely,somewhat agree,not interested,Price,Design,Positive Reviews
708,Polygender,40,,,,,,,
709,Female,74,Brand,somewhat likely,strongly agree,not interested,Price,Design,Positive Reviews
710,Non-binary,62,Brand,very likely,neutral,very interested,Price,Design,Positive Reviews
711,Female,38,,,,,,,
712,Bigender,76,Brand,very unlikely,strongly agree,not interested,Price,Design,Positive Reviews
713,Genderfluid,47,Brand,very unlikely,somewhat agree,not interested,Price,Design,Positive Reviews
714,Male,57,Brand,somewhat unlikely,neutral,neutral,Price,Design,Positive Reviews
715,Genderqueer,71,Brand,somewhat unlikely,strongly agree,very interested,Price,Design,Positive Reviews
716,Agender,58,Brand,very likely,strongly disagree,not interested,Price,Design,Positive Reviews
717,Genderqueer,56,,,,,,,
718,Male,59,Brand,very unlikely,somewhat disagree,neutral,Price,Design,Positive Reviews
719,Female,19,,,,,,,
720,Male,21,Brand,very unlikely,somewhat disagree,somewhat interested,Price,Design,Positive Reviews
721,Agender,75,,,,,,,
722,Male,42,Brand,neutral,strongly disagree,not interested,Price,Design,Positive Reviews
723,Polygender,67,,,,,,,
724,Male,40,Brand,very likely,strongly agree,not interested,Price,Design,Positive Reviews
725,Polygender,18,,,,,,,
726,Genderqueer,42,Brand,very likely,somewhat agree,not interested,Price,Design,Positive Reviews
727,Polygender,70,Brand,somewhat unlikely,somewhat disagree,very interested,Price,Design,Positive Reviews
728,Genderfluid,33,Brand,somewhat likely,somewhat agree,neutral,Price,Design,Positive Reviews
729,Male,66,,,,,,,
730,Non-binary,29,,,,,,,
731,Male,47,,,,,,,
732,Non-binary,62,,,,,,,
733,Agender,31,,,,,,,
734,Bigender,25,Brand,neutral,somewhat disagree,neutral,Price,Design,Positive Reviews
735,Bigender,69,Brand,very likely,somewhat agree,neutral,Price,Design,Positive Reviews
736,Female,58,Brand,very likely,strongly agree,somewhat interested,Price,Design,Positive Reviews
737,Female,59,,,,,,,
738,Agender,45,Brand,very likely,strongly disagree,very interested,Price,Design,Positive Reviews
739,Polygender,71,Brand,neutral,neutral,not interested,Price,Design,Positive Reviews
740,Male,56,,,,,,,
741,Female,34,Brand,somewhat unlikely,neutral,very interested,Price,Design,Positive Reviews
742,Non-binary,46,,,,,,,
743,Polygender,35,Brand,somewhat unlikely,strongly disagree,somewhat interested,Price,Design,Positive Reviews
744,Bigender,59,Brand,very likely,somewhat agree,neutral,Price,Design,Positive Reviews
745,Agender,37,,,,,,,
746,Non-binary,27,,,,,,,
747,Female,26,Brand,very likely,strongly disagree,somewhat interested,Price,Design,Positive Reviews
748,Genderqueer,24,Brand,neutral,neutral,somewhat interested,Price,Design,Positive Reviews
749,Non-binary,57,Brand,somewhat likely,strongly disagree,very interested,Price,Design,Positive Reviews
750,Genderqueer,18,Brand,somewhat unlikely,neutral,neutral,Price,Design,Positive Reviews
751,Non-binary,43,Brand,very unlikely,somewhat disagree,neutral,Price,Design,Positive Reviews
752,Agender,62,Brand,very likely,strongly agree,somewhat interested,Price,Design,Positive Reviews
753,Agender,52,Brand,somewhat unlikely,neutral,somewhat interested,Price,Design,Positive Reviews
754,Female,28,,,,,,,
755,Genderqueer,30,,,,,,,
756,Male,68,Brand,somewhat likely,strongly disagree,very interested,Price,Design,Positive Reviews
757,Genderfluid,37,Brand,somewhat likely,neutral,neutral,Price,Design,Positive Reviews
758,Genderfluid,74,Brand,very unlikely,somewhat disagree,somewhat interested,Price,Design,Positive Reviews
759,Polygender,60,Brand,somewhat unlikely,somewhat agree,very interested,Price,Design,Positive Reviews
760,Female,51,Brand,very likely,somewhat disagree,neutral,Price,Design,Positive Reviews
761,Genderfluid,38,,,,,,,
762,Genderqueer,46,,,,,,,
763,Agender,59,Brand,somewhat unlikely,neutral,neutral,Price,Design,Positive Reviews
764,Non-binary,69,,,,,,,
765,Female,70,Brand,somewhat likely,strongly disagree,somewhat interested,Price,Design,Positive Reviews
766,Genderqueer,46,,,,,,,
767,Non-binary,51,,,,,,,
768,Female,68,Brand,very likely,neutral,very interested,Price,Design,Positive Reviews
769,Bigender,47,Brand,somewhat likely,strongly disagree,not interested,Price,Design,Positive Reviews
770,Genderqueer,62,Brand,somewhat unlikely,strongly disagree,not interested,Price,Design,Positive Reviews
771,Male,57,Brand,somewhat likely,strongly agree,neutral,Price,Design,Positive Reviews
772,Agender,21,Brand,somewhat likely,strongly agree,not interested,Price,Design,Positive Reviews
773,Genderfluid,69,,,,,,,
774,Non-binary,53,Brand,somewhat likely,somewhat agree,very interested,Price,Design,Positive Reviews
775,Polygender,24,Brand,neutral,strongly agree,somewhat interested,Price,Design,Positive Reviews
776,Genderfluid,65,Brand,very unlikely,neutral,very interested,Price,Design,Positive Reviews
777,Female,24,,,,,,,
778,Non-binary,40,,,,,,,
779,Agender,72,,,,,,,
780,Non-binary,41,,,,,,,
781,Male,48,Brand,neutral,somewhat disagree,somewhat interested,Price,Design,Positive Reviews
782,Genderqueer,76,,,,,,,
783,Non-binary,35,Brand,somewhat unlikely,neutral,neutral,Price,Design,Positive Reviews
784,Polygender,24,Brand,neutral,somewhat disagree,somewhat interested,Price,Design,Positive Reviews
785,Polygender,78,Brand,somewhat unlikely,somewhat disagree,not interested,Price,Design,Positive Reviews
786,Polygender,25,Brand,very likely,somewhat agree,somewhat interested,Price,Design,Positive Reviews
787,Agender,17,Brand,very unlikely,strongly agree,not interested,Price,Design,Positive Reviews
788,Bigender,23,,,,,,,
789,Genderqueer,49,Brand,very likely,somewhat agree,neutral,Price,Design,Positive Reviews
790,Agender,74,Brand,very unlikely,neutral,not interested,Price,Design,Positive Reviews
791,Polygender,54,,,,,,,
792,Polygender,60,,,,,,,
793,Agender,17,Brand,somewhat likely,somewhat disagree,not interested,Price,Design,Positive Reviews
794,Male,28,Brand,very unlikely,somewhat agree,neutral,Price,Design,Positive Reviews
795,Bigender,32,Brand,somewhat likely,neutral,neutral,Price,Design,Positive Reviews
796,Polygender,41,,,,,,,
797,Female,29,Brand,very unlikely,strongly disagree,somewhat interested,Price,Design,Positive Reviews
798,Female,34,,,,,,,
799,Female,25,,,,,,,
800,Genderqueer,66,,,,,,,
801,Female,52,Brand,somewhat unlikely,neutral,somewhat interested,Price,Design,Positive Reviews
802,Bigender,43,,,,,,,
803,Polygender,16,Brand,very likely,neutral,neutral,Price,Design,Positive Reviews
804,Female,36,Brand,very likely,somewhat agree,somewhat interested,Price,Design,Positive Reviews
805,Male,41,Brand,very likely,strongly agree,somewhat interested,Price,Design,Positive Reviews
806,Genderfluid,64,,,,,,,
807,Female,78,Brand,somewhat unlikely,strongly agree,neutral,Price,Design,Positive Reviews
808,Agender,41,Brand,somewhat unlikely,strongly disagree,somewhat interested,Price,Design,Positive Reviews
809,Non-binary,59,,,,,,,
810,Non-binary,39,,,,,,,
811,Agender,69,,,,,,,
812,Male,60,Brand,somewhat unlikely,neutral,somewhat interested,Price,Design,Positive Reviews
813,Genderqueer,48,Brand,somewhat unlikely,somewhat disagree,not interested,Price,Design,Positive Reviews
814,Male,23,Brand,somewhat likely,strongly agree,very interested,Price,Design,Positive Reviews
815,Non-binary,27,Brand,very unlikely,somewhat agree,very interested,Price,Design,Positive Reviews
816,Male,43,Brand,somewhat likely,strongly disagree,not interested,Price,Design,Positive Reviews
817,Agender,43,Brand,very unlikely,neutral,not interested,Price,Design,Positive Reviews
818,Female,34,Brand,somewhat likely,neutral,very interested,Price,Design,Positive Reviews
819,Bigender,57,Brand,neutral,somewhat agree,not interested,Price,Design,Positive Reviews
820,Genderfluid,77,Brand,neutral,strongly disagree,not interested,Price,Design,Positive Reviews
821,Polygender,16,,,,,,,
822,Polygender,58,Brand,very likely,somewhat disagree,not interested,Price,Design,Positive Reviews
823,Polygender,77,Brand,neutral,strongly disagree,not interested,Price,Design,Positive Reviews
824,Non-binary,50,,,,,,,
825,Agender,33,,,,,,,
826,Female,31,,,,,,,
827,Genderqueer,29,Brand,neutral,somewhat disagree,somewhat interested,Price,Design,Positive Reviews
828,Male,29,Brand,somewhat unlikely,neutral,neutral,Price,Design,Positive Reviews
829,Male,28,,,,,,,
830,Non-binary,47,Brand,very unlikely,somewhat agree,very interested,Price,Design,Positive Reviews
831,Polygender,20,Brand,somewhat unlikely,strongly agree,very interested,Price,Design,Positive Reviews
832,Non-binary,37,,,,,,,
833,Non-binary,43,,,,,,,
834,Agender,32,,,,,,,
835,Genderfluid,25,Brand,somewhat likely,strongly agree,very interested,Price,Design,Positive Reviews
836,Genderqueer,39,,,,,,,
837,Male,40,,,,,,,
838,Male,65,Brand,somewhat unlikely,neutral,somewhat interested,Price,Design,Positive Reviews
839,Male,75,,,,,,,
840,Genderqueer,68,,,,,,,
841,Male,63,Brand,neutral,somewhat agree,neutral,Price,Design,Positive Reviews
842,Genderqueer,46,Brand,somewhat likely,strongly agree,neutral,Price,Design,Positive Reviews
843,Male,25,,,,,,,
844,Male,75,Brand,very likely,strongly disagree,not interested,Price,Design,Positive Reviews
845,Bigender,31,Brand,very likely,neutral,neutral,Price,Design,Positive Reviews
846,Genderqueer,35,Brand,very unlikely,somewhat disagree,neutral,Price,Design,Positive Reviews
847,Female,65,Brand,very unlikely,neutral,very interested,Price,Design,Positive Reviews
848,Genderfluid,63,Brand,somewhat unlikely,somewhat disagree,very interested,Price,Design,Positive Reviews
849,Genderqueer,49,,,,,,,
850,Polygender,56,Brand,somewhat unlikely,somewhat agree,very interested,Price,Design,Positive Reviews
851,Non-binary,64,Brand,somewhat unlikely,strongly agree,not interested,Price,Design,Positive Reviews
852,Agender,70,Brand,somewhat unlikely,somewhat agree,very interested,Price,Design,Positive Reviews
853,Polygender,29,,,,,,,
854,Genderfluid,51,Brand,somewhat likely,somewhat disagree,very interested,Price,Design,Positive Reviews
855,Bigender,52,Brand,somewhat likely,neutral,neutral,Price,Design,Positive Reviews
856,Male,33,,,,,,,
857,Bigender,23,,,,,,,
858,Genderqueer,35,Brand,neutral,somewhat agree,somewhat interested,Price,Design,Positive Reviews
859,Polygender,28,Brand,very unlikely,strongly agree,somewhat interested,Price,Design,Positive Reviews
860,Genderqueer,41,,,,,,,
861,Non-binary,67,Brand,very likely,strongly disagree,somewhat interested,Price,Design,Positive Reviews
862,Agender,35,Brand,very likely,strongly disagree,very interested,Price,Design,Positive Reviews
863,Genderfluid,47,Brand,neutral,somewhat disagree,somewhat interested,Price,Design,Positive Reviews
864,Genderfluid,29,Brand,somewhat unlikely,somewhat disagree,very interested,Price,Design,Positive Reviews
865,Male,63,,,,,,,
866,Polygender,27,,,,,,,
867,Male,56,Brand,very likely,strongly agree,somewhat interested,Price,Design,Positive Reviews
868,Bigender,80,,,,,,,
869,Agender,70,,,,,,,
870,Bigender,34,Brand,very unlikely,somewhat disagree,very interested,Price,Design,Positive Reviews
871,Agender,54,,,,,,,
872,Non-binary,39,Brand,very likely,strongly disagree,neutral,Price,Design,Positive Reviews
873,Genderfluid,75,Brand,very likely,strongly agree,neutral,Price,Design,Positive Reviews
874,Genderfluid,55,Brand,somewhat unlikely,strongly agree,not interested,Price,Design,Positive Reviews
875,Genderqueer,23,,,,,,,
876,Bigender,24,Brand,neutral,somewhat disagree,somewhat interested,Price,Design,Positive Reviews
877,Polygender,27,Brand,somewhat unlikely,strongly disagree,neutral,Price,Design,Positive Reviews
878,Male,31,,,,,,,
879,Genderfluid,73,,,,,,,
880,Female,75,,,,,,,
881,Bigender,61,Brand,very likely,strongly agree,very interested,Price,Design,Positive Reviews
882,Non-binary,21,Brand,somewhat likely,neutral,not interested,Price,Design,Positive Reviews
883,Polygender,66,Brand,somewhat unlikely,somewhat agree,not interested,Price,Design,Positive Reviews
884,Bigender,39,,,,,,,
885,Female,47,,,,,,,
886,Genderfluid,48,Brand,very likely,neutral,very interested,Price,Design,Positive Reviews
887,Bigender,33,,,,,,,
888,Bigender,29,,,,,,,
889,Female,18,,,,,,,
890,Genderfluid,57,,,,,,,
891,Non-binary,80,Brand,very likely,neutral,neutral,Price,Design,Positive Reviews
892,Genderfluid,64,Brand,somewhat likely,somewhat agree,somewhat interested,Price,Design,Positive Reviews
893,Genderqueer,72,,,,,,,
894,Genderfluid,74,,,,,,,
895,Male,37,,,,,,,
896,Male,69,,,,,,,
897,Genderfluid,51,Brand,somewhat likely,somewhat agree,neutral,Price,Design,Positive Reviews
898,Genderqueer,60,,,,,,,
899,Genderfluid,44,Brand,neutral,strongly agree,not interested,Price,Design,Positive Reviews
900,Agender,77,Brand,somewhat likely,strongly agree,neutral,Price,Design,Positive Reviews
901,Bigender,37,,,,,,,
902,Genderfluid,80,Brand,somewhat likely,somewhat agree,not interested,Price,Design,Positive Reviews
903,Polygender,60,Brand,somewhat unlikely,neutral,neutral,Price,Design,Positive Reviews
904,Female,80,Brand,somewhat likely,strongly agree,somewhat interested,Price,Design,Positive Reviews
905,Polygender,62,Brand,neutral,neutral,somewhat interested,Price,Design,Positive Reviews
906,Genderfluid,37,Brand,very unlikely,strongly disagree,very interested,Price,Design,Positive Reviews
907,Genderqueer,41,Brand,somewhat likely,somewhat agree,somewhat interested,Price,Design,Positive Reviews
908,Male,79,Brand,very unlikely,strongly agree,neutral,Price,Design,Positive Reviews
909,Genderfluid,67,Brand,very likely,somewhat disagree,very interested,Price,Design,Positive Reviews
910,Female,35,Brand,somewhat unlikely,somewhat disagree,somewhat interested,Price,Design,Positive Reviews
911,Female,77,,,,,,,
912,Female,63,Brand,somewhat unlikely,strongly disagree,neutral,Price,Design,Positive Reviews
913,Genderfluid,59,,,,,,,
914,Non-binary,21,Brand,very likely,strongly agree,neutral,Price,Design,Positive Reviews
915,Male,75,Brand,very likely,somewhat agree,neutral,Price,Design,Positive Reviews
916,Agender,58,,,,,,,
917,Genderqueer,60,,,,,,,
918,Polygender,72,,,,,,,
919,Male,67,Brand,somewhat unlikely,neutral,not interested,Price,Design,Positive Reviews
920,Genderqueer,27,,,,,,,
921,Polygender,68,Brand,very unlikely,somewhat disagree,neutral,Price,Design,Positive Reviews
922,Female,49,,,,,,,
923,Genderfluid,32,Brand,somewhat likely,somewhat agree,very interested,Price,Design,Positive Reviews
924,Non-binary,24,,,,,,,
925,Polygender,28,Brand,neutral,strongly agree,neutral,Price,Design,Positive Reviews
926,Non-binary,50,Brand,neutral,strongly agree,somewhat interested,Price,Design,Positive Reviews
927,Genderqueer,69,Brand,very likely,somewhat agree,somewhat interested,Price,Design,Positive Reviews
928,Agender,25,,,,,,,
929,Genderqueer,47,Brand,neutral,strongly agree,neutral,Price,Design,Positive Reviews
930,Bigender,55,,,,,,,
931,Bigender,57,Brand,somewhat unlikely,somewhat disagree,neutral,Price,Design,Positive Reviews
932,Polygender,62,Brand,somewhat unlikely,neutral,somewhat interested,Price,Design,Positive Reviews
933,Non-binary,63,Brand,very likely,strongly agree,neutral,Price,Design,Positive Reviews
934,Agender,35,Brand,neutral,neutral,neutral,Price,Design,Positive Reviews
935,Genderqueer,31,Brand,somewhat unlikely,somewhat agree,neutral,Price,Design,Positive Reviews
936,Bigender,26,,,,,,,
937,Polygender,54,Brand,somewhat likely,neutral,very interested,Price,Design,Positive Reviews
938,Non-binary,60,,,,,,,
939,Non-binary,55,Brand,somewhat unlikely,somewhat disagree,very interested,Price,Design,Positive Reviews
940,Bigender,20,Brand,very unlikely,neutral,neutral,Price,Design,Positive Reviews
941,Agender,49,Brand,neutral,strongly agree,not interested,Price,Design,Positive Reviews
942,Agender,58,,,,,,,
943,Genderqueer,25,Brand,somewhat unlikely,strongly disagree,neutral,Price,Design,Positive Reviews
944,Female,22,Brand,very likely,strongly agree,not interested,Price,Design,Positive Reviews
945,Polygender,80,,,,,,,
946,Female,77,,,,,,,
947,Non-binary,33,Brand,very unlikely,strongly agree,somewhat interested,Price,Design,Positive Reviews
948,Male,47,,,,,,,
949,Male,26,,,,,,,
950,Agender,78,Brand,very likely,somewhat disagree,very interested,Price,Design,Positive Reviews
951,Male,76,,,,,,,
952,Bigender,79,,,,,,,
953,Genderqueer,50,Brand,somewhat unlikely,neutral,very interested,Price,Design,Positive Reviews
954,Male,72,Brand,neutral,neutral,not interested,Price,Design,Positive Reviews
955,Genderfluid,22,,,,,,,
956,Polygender,16,Brand,somewhat unlikely,strongly agree,not interested,Price,Design,Positive Reviews
957,Female,74,,,,,,,
958,Polygender,59,Brand,very likely,somewhat disagree,not interested,Price,Design,Positive Reviews
959,Bigender,79,Brand,very likely,strongly disagree,not interested,Price,Design,Positive Reviews
960,Genderqueer,79,Brand,very unlikely,somewhat disagree,somewhat interested,Price,Design,Positive Reviews
961,Polygender,16,,,,,,,
962,Bigender,34,Brand,very likely,somewhat disagree,somewhat interested,Price,Design,Positive Reviews
963,Female,34,,,,,,,
964,Female,40,Brand,somewhat unlikely,neutral,not interested,Price,Design,Positive Reviews
965,Non-binary,32,Brand,neutral,strongly disagree,not interested,Price,Design,Positive Reviews
966,Male,58,Brand,very likely,somewhat agree,neutral,Price,Design,Positive Reviews
967,Male,38,Brand,neutral,neutral,very interested,Price,Design,Positive Reviews
968,Female,60,Brand,very likely,somewhat disagree,very interested,Price,Design,Positive Reviews
969,Non-binary,24,,,,,,,
970,Genderqueer,54,Brand,neutral,somewhat disagree,neutral,Price,Design,Positive Reviews
971,Genderqueer,63,,,,,,,
972,Bigender,36,,,,,,,
973,Male,33,Brand,very unlikely,somewhat agree,neutral,Price,Design,Positive Reviews
974,Female,71,,,,,,,
975,Bigender,48,,,,,,,
976,Female,59,Brand,very likely,neutral,somewhat interested,Price,Design,Positive Reviews
977,Polygender,29,,,,,,,
978,Genderfluid,46,,,,,,,
979,Genderqueer,37,Brand,somewhat unlikely,strongly disagree,very interested,Price,Design,Positive Reviews
980,Male,57,Brand,very likely,strongly agree,not interested,Price,Design,Positive Reviews
981,Genderfluid,17,,,,,,,
982,Bigender,31,Brand,very unlikely,neutral,somewhat interested,Price,Design,Positive Reviews
983,Female,67,Brand,very unlikely,somewhat disagree,not interested,Price,Design,Positive Reviews
984,Agender,64,Brand,very unlikely,strongly disagree,very interested,Price,Design,Positive Reviews
985,Genderfluid,47,Brand,somewhat likely,neutral,neutral,Price,Design,Positive Reviews
986,Agender,37,Brand,neutral,strongly disagree,very interested,Price,Design,Positive Reviews
987,Non-binary,68,,,,,,,
988,Female,52,,,,,,,
989,Female,40,Brand,very unlikely,strongly disagree,neutral,Price,Design,Positive Reviews
990,Genderqueer,23,Brand,neutral,strongly disagree,very interested,Price,Design,Positive Reviews
991,Genderfluid,47,Brand,neutral,somewhat disagree,not interested,Price,Design,Positive Reviews
992,Female,26,,,,,,,
993,Male,58,Brand,somewhat unlikely,strongly disagree,neutral,Price,Design,Positive Reviews
994,Bigender,61,,,,,,,
995,Non-binary,65,Brand,very unlikely,somewhat disagree,not interested,Price,Design,Positive Reviews
996,Agender,22,,,,,,,
997,Agender,57,,,,,,,
998,Genderqueer,16,,,,,,,
999,Male,44,,,,,,,
1000,Agender,80,Brand,very likely,somewhat agree,very interested,Price,Design,Positive Reviews
